no,max_deviation,K,useful_method,deviation,algorithm,COUNT(o.ORDERPRIORITY = 5-LOW),COUNT(o.ORDERPRIORITY = 5-LOW),COUNT(o.ORDERPRIORITY = 3-MEDIUM),COUNT(o.ORDERPRIORITY = 5-LOW),COUNT(o.ORDERPRIORITY = 3-MEDIUM),COUNT(c.MKTSEGMENT = AUTOMOBILE),COUNT(o.ORDERPRIORITY = 5-LOW),COUNT(o.ORDERPRIORITY = 3-MEDIUM),COUNT(c.MKTSEGMENT = AUTOMOBILE),COUNT(c.MKTSEGMENT = BUILDING),COUNT(o.ORDERPRIORITY = 5-LOW),COUNT(o.ORDERPRIORITY = 3-MEDIUM),COUNT(c.MKTSEGMENT = AUTOMOBILE),COUNT(c.MKTSEGMENT = BUILDING),COUNT(c.MKTSEGMENT = MACHINERY),,,setup_duration[sec],solver_duration[sec],total_duration[sec]
0,0,10,QUERY_DISTANCE,0.0,RefinementMethod.MILP_OPT,241642,241642,239090,241642,239090,238761,241642,239090,238761,242555,241642,239090,238761,242555,239675,1,,15.041437334000022,0.002641915999987532,15.04407925000001
0,0,10,QUERY_DISTANCE,0.0,RefinementMethod.MILP_OPT,241642,241642,239090,241642,239090,238761,241642,239090,238761,242555,241642,239090,238761,242555,239675,2,,14.950740499999995,0.0037877500000149666,14.95452825000001
0,0,10,QUERY_DISTANCE,0.0,RefinementMethod.MILP_OPT,241642,241642,239090,241642,239090,238761,241642,239090,238761,242555,241642,239090,238761,242555,239675,3,,15.191111333999999,0.00411129099998675,15.195222624999985
0,0,10,QUERY_DISTANCE,0.0,RefinementMethod.MILP_OPT,241642,241642,239090,241642,239090,238761,241642,239090,238761,242555,241642,239090,238761,242555,239675,4,,15.157453374999989,0.004710792000025776,15.162164167000014
0,0,10,QUERY_DISTANCE,0.0,RefinementMethod.MILP_OPT,241642,241642,239090,241642,239090,238761,241642,239090,238761,242555,241642,239090,238761,242555,239675,5,,15.163939874999983,0.0060871669999755795,15.170027041999958
